{
    "T": [
        0.1,
        1.0
    ],
    "IM": [
        3.052420121433051,
        13.663447646549589
    ]
}