{
    "T": [
        0.1,
        0.3,
        0.5,
        0.8,
        1.0,
        1.3,
        1.5,
        1.8,
        2,
        2.5,
        3,
        3.5,
        4,
        4.5,
        5
    ],
    "IM": [
        0.8566826719193059,
        0.9526152753748132,
        0.8269366610016416,
        0.6184398041008196,
        0.5491319673374021,
        0.4350196697030435,
        0.38203234814136405,
        0.32986855459631537,
        0.2931253641428804,
        0.24339453806327582,
        0.20373957120024894,
        0.17352349216816243,
        0.15658054190681564,
        0.1382217344048363,
        0.12208292213007235
    ]
}