{
    "IM": [
        0.001,
        0.0012,
        0.0015,
        0.0019,
        0.0023,
        0.0029,
        0.0036,
        0.0044,
        0.0055,
        0.0068,
        0.0084,
        0.0104,
        0.0128,
        0.0159,
        0.0196,
        0.0243,
        0.03,
        0.0372,
        0.046,
        0.0569,
        0.0703,
        0.087,
        0.1076,
        0.1331,
        0.1647,
        0.2037,
        0.252,
        0.3117,
        0.3856,
        0.4769,
        0.59,
        0.7298,
        0.9027,
        1.1166,
        1.3812,
        1.7085,
        2.1134,
        2.6142,
        3.2337,
        4.0
    ],
    "MAF": [
        111111.0,
        111111.0,
        111111.0,
        0.28224396401020607,
        0.24845756899183644,
        0.21101599579433553,
        0.1799511733918179,
        0.1546641732581358,
        0.12996786064967736,
        0.1093691344112608,
        0.09121181849952689,
        0.07552606344882526,
        0.062070602144831954,
        0.05021092242188846,
        0.040827291093217824,
        0.032851132643113914,
        0.026327342231049895,
        0.02088526831710046,
        0.016676426599593265,
        0.013330709323011083,
        0.010579371403430248,
        0.008481996668322094,
        0.006723483910933147,
        0.005370578027217968,
        0.004274723489607642,
        0.0032716722867137506,
        0.0024657153018888293,
        0.0017772841253832566,
        0.0012672733455361524,
        0.0007932951370932457,
        0.0005014800890746098,
        0.0002997137253043384,
        0.0001749105378515635,
        8.611235019762923e-05,
        4.369273578051109e-05,
        2.2695462399999386e-05,
        6.1342511230620025e-06,
        4.891325046844891e-06,
        2.846574622696141e-06,
        1.2429266317618034e-06
    ]
}