{
    "T": [
        0.1,
        0.5,
        1,
        1.5,
        2,
        2.5,
        3
    ],
    "IM": [
        23.56822215824218,
        86.59226224794253,
        123.40595434210353,
        144.00296890508983,
        150.5226530175971,
        154.7656265269259,
        153.18279061507633
    ]
}