{
    "T": [
        0,
        0.1,
        0.5,
        1,
        1.5,
        2,
        2.5,
        3
    ],
    "IM": [
        0.0,
        23.650700617680247,
        86.70232025084526,
        124.99053681168192,
        143.64664249182636,
        150.47954107935578,
        154.61701986157289,
        153.5523983794721
    ]
}