{
    "IM": [
        0.001,
        0.0012,
        0.0015,
        0.0018,
        0.0022,
        0.0026,
        0.0032,
        0.0039,
        0.0048,
        0.0058,
        0.007,
        0.0085,
        0.0104,
        0.0126,
        0.0153,
        0.0186,
        0.0226,
        0.0275,
        0.0334,
        0.0406,
        0.0493,
        0.0599,
        0.0728,
        0.0885,
        0.1075,
        0.1306,
        0.1587,
        0.1929,
        0.2344,
        0.2848,
        0.3461,
        0.4206,
        0.5111,
        0.6211,
        0.7548,
        0.9172,
        1.1146,
        1.3544,
        1.6458,
        2.0
    ],
    "MAF": [
        111111.0,
        111111.0,
        111111.0,
        111111.0,
        111111.0,
        111111.0,
        111111.0,
        111111.0,
        111111.0,
        0.27666362002978384,
        0.22693227141188818,
        0.1832131717769016,
        0.1448495437352991,
        0.11436791214086098,
        0.08922128521178715,
        0.06854790043607661,
        0.051761064493701416,
        0.03880943190901887,
        0.02909582325951145,
        0.021455229291942324,
        0.015916347453646288,
        0.011759615162747272,
        0.00870085702884512,
        0.006439242952668268,
        0.004723920446801408,
        0.0033503183218049366,
        0.002390813040201889,
        0.0015775407903688336,
        0.0009938480005638674,
        0.0005756009088753406,
        0.00029130002991067775,
        0.00014282468162663556,
        7.33082313083385e-05,
        2.148082044465039e-05,
        7.846574273416929e-06,
        2.044750553282001e-06,
        0.0,
        0.0,
        0.0,
        0.0
    ]
}