{
    "T": [
        0.1,
        0.2,
        0.30000000000000004,
        0.4,
        0.5,
        0.6,
        0.7000000000000001,
        0.8,
        0.9,
        1.0,
        1.1,
        1.2000000000000002,
        1.3000000000000003,
        1.4000000000000001,
        1.5000000000000002,
        1.6,
        1.7000000000000002,
        1.8000000000000003,
        1.9000000000000001,
        2.0,
        2.1,
        2.2,
        2.3000000000000003,
        2.4000000000000004,
        2.5000000000000004,
        2.6,
        2.7,
        2.8000000000000003,
        2.9000000000000004,
        3.0000000000000004
    ],
    "IM": [
        23.56822215824218,
        42.015547701463625,
        60.57749723273186,
        73.1393117778224,
        86.59226224794253,
        98.06147688236061,
        106.53222992464482,
        110.78591123401038,
        118.16954325380675,
        123.40595434210353,
        126.2868688663477,
        134.36090873272724,
        136.93402223976514,
        143.49403318084313,
        144.00296890508983,
        145.51202527733136,
        147.02513212663914,
        151.57907333524787,
        150.83874272344542,
        150.5226530175971,
        151.55413175899304,
        154.48523228193073,
        152.64474949671882,
        155.73762586088094,
        154.7656265269259,
        155.2447115639597,
        156.03437246066224,
        153.01320137504953,
        152.47638583193708,
        153.18279061507633
    ]
}